h,k,H1,V,E1,E_B,E_A,E_A_minus_E_B,E_B_over_E_A,phi,trace_final,initial_energy,post_alice_energy,post_noise_energy,noise_energy_delta,final_global_energy
1.0,0.5,0.18732040981336842,-0.25989318568658965,-0.07257277587322122,0.07257277587322122,0.8944271909999154,0.8218544151266942,0.0811388300841897,0.1608752771983211,0.9999999999999999,-9.109263393802676e-17,0.8944271909999154,0.8944271909999154,0.0,0.8218544151266944
1.0,1.0,0.2598931856865897,-0.3746408196267372,-0.11474763394014748,0.11474763394014748,0.7071067811865472,0.5923591472463998,0.16227766016837988,0.1608752771983211,1.0,-2.883246210460322e-16,0.7071067811865472,0.7071067811865472,0.0,0.5923591472464
