h,k,H1,V,E1,E_B,E_A,E_A_minus_E_B,E_B_over_E_A,phi,trace_final,initial_energy,post_alice_energy,post_noise_energy,noise_energy_delta,final_global_energy
1.0,0.0,0.0,0.0,0.0,-0.0,1.0,1.0,-0.0,0.0,1.0,0.0,1.0,1.0,0.0,1.0
1.0,1e-08,4.999999999999997e-17,8.011868568650901e-32,5.000000000000005e-17,-5.000000000000005e-17,1.0,1.0,-5.000000000000005e-17,4.9999999999999985e-09,1.0,2.0000000000000002e-16,1.0,1.0,0.0,1.0
1.0,1e-06,1.5000444492980499e-12,-2.0000888986003502e-12,-5.000444493023003e-13,5.000444493023003e-13,0.9999999999995,0.9999999999989999,5.000444493025503e-13,4.999999999988333e-07,1.0,-8.889860735054572e-17,0.9999999999995,0.9999999999995,0.0,0.999999999999
1.0,0.0001,1.499999944461266e-08,-1.999999931422531e-08,-4.99999986961265e-09,4.99999986961265e-09,0.999999995,0.9999999900000002,4.99999989461265e-09,4.999999883333336e-05,1.0,-1.4225288390444444e-17,0.999999995,0.999999995,0.0,0.9999999900000001
1.0,0.01,0.00014994376968038031,-0.00019993002324176606,-4.998625356138575e-05,4.998625356138575e-05,0.9999500037496881,0.9999000174961268,4.99887528115841e-05,0.004998833643242648,0.9999999999999999,2.9930314577293625e-16,0.9999500037496881,0.9999500037496881,0.0,0.9999000174961263
