survival_model,x_column,x_min,x_max,baseline_E_B,min_E_B,min_survival_ratio,lambda_ratio_cutoff,lambda_zero_crossing,first_sampled_nonpositive_x,ratio_cutoff
feedforward_error,feedforward_error_probability,0.0,1.0,0.07257277587322122,-0.21026993660139753,-2.8973665961010244,0.12829175487371547,0.2565835097474315,0.26,0.5
alice_bit_readout_error,readout_error_probability,0.0,1.0,0.07257277587322122,-0.21026993660139753,-2.8973665961010244,0.12829175487371547,0.2565835097474315,0.26,0.5
bob_dephasing,noise_strength,0.0,1.0,0.07257277587322122,-0.49311264907601676,-6.794733192202056,0.06414587743685785,0.12829175487371566,0.13,0.5
bob_depolarizing,noise_strength,0.0,1.0,0.07257277587322122,-1.8130453072909045,-24.98244397400684,0.019243763231057337,0.03848752646211471,0.04,0.5
bob_amplitude_damping,noise_strength,0.0,1.0,0.07257277587322122,-2.6065518505672247,-35.91638626474286,0.014295692050137095,0.02858609139645247,0.03,0.5
