mu,branch_weight,branch_energy_after_alice,branch_h1_after_bob,branch_v_after_bob,branch_e1_after_bob
-1,0.4999999999999999,0.44721359549995765,0.0936602049066842,-0.12994659284329482,-0.036286387936610626
1,0.4999999999999999,0.44721359549995765,0.0936602049066842,-0.12994659284329482,-0.036286387936610626
