h,k,H1,V,E1,E_B,E_A,E_A_minus_E_B,E_B_over_E_A,phi,trace_final,initial_energy,post_alice_energy
1.0,0.5,0.1873204098133684,-0.25989318568658965,-0.07257277587322125,0.07257277587322125,0.8944271909999153,0.821854415126694,0.08113883008418975,0.1608752771983211,1.0,-3.885780586188048e-16,0.8944271909999153
1.0,1.0,0.25989318568658976,-0.374640819626737,-0.11474763394014725,0.11474763394014725,0.707106781186547,0.5923591472463998,0.16227766016837963,0.1608752771983211,1.0,-4.440892098500626e-16,0.707106781186547
